customer_id;billing_month;available_at;tariff;monthly_fee_rub;charged_rub;paid_rub;opening_debt_rub;closing_debt_rub;traffic_gb;voice_minutes;active_days;payment_delay_days;tariff_changes_count
C000001;2025-09-01;2025-10-01 00:00:00;Comfort;750.00;750.00;750.00;0.00;0.00;24.01;178;30;0;0
C000001;2025-10-01;2025-11-01 00:00:00;Comfort;750.00;750.00;750.00;0.00;0.00;21.37;355;31;0;0
C000001;2025-11-01;2025-12-01 00:00:00;Comfort;750.00;790.96;790.96;0.00;0.00;54.32;429;30;0;0
C000001;2025-12-01;2026-01-01 00:00:00;Comfort;750.00;750.00;750.00;0.00;0.00;26.20;458;31;0;0
C000001;2026-01-01;2026-02-01 00:00:00;Comfort;750.00;675.00;675.00;0.00;0.00;21.98;328;31;1;0
C000001;2026-02-01;2026-03-01 00:00:00;Comfort;750.00;750.00;750.00;0.00;0.00;34.11;334;28;0;0
C000001;2026-03-01;2026-04-01 00:00:00;Comfort;750.00;750.00;750.00;0.00;0.00;22.96;56;31;0;0
C000001;2026-04-01;2026-05-01 00:00:00;Comfort;750.00;750.00;384.78;0.00;365.22;22.67;386;30;7;0
C000001;2026-05-01;2026-06-01 00:00:00;Comfort;750.00;675.00;1040.22;365.22;0.00;28.08;335;31;0;0
C000001;2026-06-01;2026-07-01 00:00:00;Comfort;750.00;675.00;675.00;0.00;0.00;34.55;276;30;0;1
C000001;2026-07-01;2026-08-01 00:00:00;Comfort;750.00;785.50;785.50;0.00;0.00;46.65;519;31;0;0
C000001;2026-08-01;2026-09-01 00:00:00;Comfort;750.00;750.00;750.00;0.00;0.00;18.10;399;31;7;0
C000002;2025-09-01;2025-10-01 00:00:00;Basic;450.00;450.00;322.25;0.00;127.75;1.63;18;30;3;0
C000002;2025-10-01;2025-11-01 00:00:00;Basic;450.00;405.00;532.75;127.75;0.00;5.03;58;31;0;0
C000002;2025-11-01;2025-12-01 00:00:00;Basic;450.00;450.00;450.00;0.00;0.00;6.59;60;30;0;0
C000002;2025-12-01;2026-01-01 00:00:00;Basic;450.00;462.65;462.65;0.00;0.00;17.94;402;31;3;0
C000002;2026-01-01;2026-02-01 00:00:00;Basic;450.00;450.00;450.00;0.00;0.00;12.28;198;31;0;0
C000002;2026-02-01;2026-03-01 00:00:00;Basic;450.00;450.00;450.00;0.00;0.00;6.70;28;28;1;0
C000002;2026-03-01;2026-04-01 00:00:00;Basic;450.00;450.00;450.00;0.00;0.00;10.23;256;31;0;0
C000002;2026-04-01;2026-05-01 00:00:00;Basic;450.00;450.00;278.99;0.00;171.01;10.12;120;30;16;0
C000002;2026-05-01;2026-06-01 00:00:00;Basic;450.00;450.00;621.01;171.01;0.00;10.43;95;31;3;0
C000002;2026-06-01;2026-07-01 00:00:00;Basic;450.00;450.00;450.00;0.00;0.00;12.88;77;30;0;0
C000002;2026-07-01;2026-08-01 00:00:00;Basic;450.00;450.00;450.00;0.00;0.00;11.25;153;31;0;0
C000002;2026-08-01;2026-09-01 00:00:00;Basic;450.00;450.00;450.00;0.00;0.00;4.96;163;31;0;0
C000003;2025-09-01;2025-10-01 00:00:00;Comfort;750.00;750.00;750.00;0.00;0.00;20.52;197;30;0;0
C000003;2025-10-01;2025-11-01 00:00:00;Comfort;750.00;675.00;675.00;0.00;0.00;2.78;40;31;0;0
C000003;2025-11-01;2025-12-01 00:00:00;Comfort;750.00;750.00;750.00;0.00;0.00;8.84;24;30;0;0
C000003;2025-12-01;2026-01-01 00:00:00;Comfort;750.00;750.00;0.00;0.00;750.00;21.36;565;31;31;0
C000003;2026-01-01;2026-02-01 00:00:00;Comfort;750.00;675.00;1425.00;750.00;0.00;15.06;204;31;0;0
C000003;2026-02-01;2026-03-01 00:00:00;Comfort;750.00;750.00;0.00;0.00;750.00;10.92;471;28;28;0
C000003;2026-03-01;2026-04-01 00:00:00;Comfort;750.00;750.00;1500.00;750.00;0.00;10.99;175;31;0;0
C000003;2026-04-01;2026-05-01 00:00:00;Comfort;750.00;750.00;750.00;0.00;0.00;14.77;478;30;1;0
C000003;2026-05-01;2026-06-01 00:00:00;Comfort;750.00;750.00;750.00;0.00;0.00;27.91;504;31;0;0
C000003;2026-06-01;2026-07-01 00:00:00;Comfort;750.00;750.00;0.00;0.00;750.00;22.58;380;30;30;0
C000003;2026-07-01;2026-08-01 00:00:00;Comfort;750.00;459.68;0.00;750.00;1209.68;11.26;205;19;31;0
C000004;2025-09-01;2025-10-01 00:00:00;Basic;450.00;532.40;532.40;0.00;0.00;32.91;97;30;0;0
C000004;2025-10-01;2025-11-01 00:00:00;Basic;450.00;492.07;492.07;0.00;0.00;28.69;249;31;0;0
C000004;2025-11-01;2025-12-01 00:00:00;Basic;450.00;588.67;588.67;0.00;0.00;43.20;114;30;0;0
C000004;2025-12-01;2026-01-01 00:00:00;Basic;450.00;485.77;485.77;0.00;0.00;25.21;358;31;0;0
C000004;2026-01-01;2026-02-01 00:00:00;Basic;450.00;464.35;464.35;0.00;0.00;18.10;266;31;0;0
C000004;2026-02-01;2026-03-01 00:00:00;Basic;450.00;517.75;517.75;0.00;0.00;39.69;322;28;1;0
C000004;2026-03-01;2026-04-01 00:00:00;Basic;450.00;485.62;485.62;0.00;0.00;26.27;33;31;0;0
C000004;2026-04-01;2026-05-01 00:00:00;Basic;450.00;508.49;508.49;0.00;0.00;41.85;300;30;0;0
C000004;2026-05-01;2026-06-01 00:00:00;Basic;450.00;534.98;313.36;0.00;221.62;38.73;251;31;18;0
C000004;2026-06-01;2026-07-01 00:00:00;Basic;450.00;563.30;784.92;221.62;0.00;35.79;228;30;1;1
C000004;2026-07-01;2026-08-01 00:00:00;Comfort;750.00;1136.89;1136.89;0.00;0.00;103.19;702;31;0;0
C000004;2026-08-01;2026-09-01 00:00:00;Comfort;750.00;755.51;755.51;0.00;0.00;48.60;625;31;0;0
C000005;2025-09-01;2025-10-01 00:00:00;Comfort;750.00;750.00;0.00;0.00;750.00;13.84;475;30;30;0
C000005;2025-10-01;2025-11-01 00:00:00;Comfort;750.00;750.00;1500.00;750.00;0.00;17.35;360;31;0;0
C000005;2025-11-01;2025-12-01 00:00:00;Comfort;750.00;750.00;423.78;0.00;326.22;23.32;530;30;15;0
C000005;2025-12-01;2026-01-01 00:00:00;Comfort;750.00;750.00;1076.22;326.22;0.00;8.36;217;31;0;0
C000005;2026-01-01;2026-02-01 00:00:00;Comfort;750.00;675.00;675.00;0.00;0.00;17.36;312;31;0;0
C000005;2026-02-01;2026-03-01 00:00:00;Comfort;750.00;750.00;750.00;0.00;0.00;14.04;350;28;0;0
C000005;2026-03-01;2026-04-01 00:00:00;Comfort;750.00;750.00;750.00;0.00;0.00;19.70;400;31;1;0
C000005;2026-04-01;2026-05-01 00:00:00;Comfort;750.00;750.00;0.00;0.00;750.00;29.16;441;30;30;0
C000005;2026-05-01;2026-06-01 00:00:00;Comfort;750.00;750.00;1500.00;750.00;0.00;20.86;525;31;0;1
C000005;2026-06-01;2026-07-01 00:00:00;Basic;450.00;450.00;450.00;0.00;0.00;5.47;189;30;0;0
C000005;2026-07-01;2026-08-01 00:00:00;Basic;450.00;450.00;450.00;0.00;0.00;10.27;292;31;0;0
C000005;2026-08-01;2026-09-01 00:00:00;Basic;450.00;405.68;405.68;0.00;0.00;15.13;182;31;0;0
C000006;2025-09-01;2025-10-01 00:00:00;Premium;1200.00;1200.00;1200.00;0.00;0.00;52.93;505;30;0;0
